date,condition,tag,gpu,te_pe_gguf,lora,draft,dit,pe_s,te_s,dit_s,vae_s,warm_total_s,first_total_s,tok_per_round,accept_pct,peak_vram_gb,llama_cpp,node_commit,out_dir
2026-09-28,master-v1,v6-lora,"NVIDIA GeForce RTX 5060 Ti, 16311 MiB",zimage_engineer_v6_dhq_2p9.gguf,zeng-v6_master-pe_lora_v4.1-r32-ep2_20260928-ck1212-f16.gguf,none,zimage,5.25,0.12,5.43,0.44,11.75,16.51,,,13.0,4da633776,beae2d1,bench_out/20260928-102715_v6-lora_zimage
2026-09-28,master-v1,v6-lora-dflashq6,"NVIDIA GeForce RTX 5060 Ti, 16311 MiB",zimage_engineer_v6_dhq_2p9.gguf,zeng-v6_master-pe_lora_v4.1-r32-ep2_20260928-ck1212-f16.gguf,zeng-v6_master-pe_dflash-b16_run1-Q6_K.gguf,zimage,3.08,0.12,5.45,0.43,9.48,10.31,3.66,17.8,14.0,4da633776,beae2d1,bench_out/20260928-102835_v6-lora-dflashq6_zimage
2026-09-28,master-v1,v6merged-dflashq6,"NVIDIA GeForce RTX 5060 Ti, 16311 MiB",EXP_v6_v41merged_dhq2p9grid.gguf,none,zeng-v6_master-pe_dflash-b16_run1-Q6_K.gguf,zimage,2.46,0.09,5.45,0.43,8.73,13.68,3.40,16.1,13.8,4da633776,beae2d1,bench_out/20260928-102938_v6merged-dflashq6_zimage
2026-09-28,master-v1,v6-lora,"NVIDIA GeForce RTX 5060 Ti, 16311 MiB",zimage_engineer_v6_dhq_2p9.gguf,zeng-v6_master-pe_lora_v4.1-r32-ep2_20260928-ck1212-f16.gguf,none,klein,5.25,0.16,1.54,0.44,7.65,12.32,,,10.4,4da633776,beae2d1,bench_out/20260928-103040_v6-lora_klein
2026-09-28,master-v1,v6-lora-dflashq6,"NVIDIA GeForce RTX 5060 Ti, 16311 MiB",zimage_engineer_v6_dhq_2p9.gguf,zeng-v6_master-pe_lora_v4.1-r32-ep2_20260928-ck1212-f16.gguf,zeng-v6_master-pe_dflash-b16_run1-Q6_K.gguf,klein,3.04,0.15,1.54,0.44,5.45,6.38,3.66,17.8,11.7,4da633776,beae2d1,bench_out/20260928-103136_v6-lora-dflashq6_klein
2026-09-28,master-v1,v6merged-dflashq6,"NVIDIA GeForce RTX 5060 Ti, 16311 MiB",EXP_v6_v41merged_dhq2p9grid.gguf,none,zeng-v6_master-pe_dflash-b16_run1-Q6_K.gguf,klein,2.44,0.12,1.54,0.43,4.80,9.78,3.40,16.1,11.6,4da633776,beae2d1,bench_out/20260928-103214_v6merged-dflashq6_klein
2026-09-28,master-v1,v6-lora-dflashq6_sim12g,"NVIDIA GeForce RTX 5060 Ti, 16311 MiB (12 GB sim: 3.74 GB held by a blocker, subtracted)",zimage_engineer_v6_dhq_2p9.gguf,zeng-v6_master-pe_lora_v4.1-r32-ep2_20260928-ck1212-f16.gguf,zeng-v6_master-pe_dflash-b16_run1-Q6_K.gguf,zimage,3.08,0.12,6.16,0.43,10.15,15.50,3.66,17.8,11.8,4da633776,56bc9ec,bench_out/20260928-105204_v6-lora-dflashq6_sim12g_zimage
2026-09-28,master-v1,v6merged-dflashq6_sim12g,"NVIDIA GeForce RTX 5060 Ti, 16311 MiB (12 GB sim: 3.74 GB held by a blocker, subtracted)",EXP_v6_v41merged_dhq2p9grid.gguf,none,zeng-v6_master-pe_dflash-b16_run1-Q6_K.gguf,zimage,2.48,0.09,6.13,0.43,9.45,14.66,3.40,16.1,11.8,4da633776,56bc9ec,bench_out/20260928-105315_v6merged-dflashq6_sim12g_zimage
2026-09-28,master-v1,q4km-lora-dflashq6_ctx4k_ub512,"NVIDIA GeForce RTX 5060 Ti, 16311 MiB",zimage_engineer_v6_dhq_q4_k_m.gguf,zeng-v6_master-pe_lora_v4.1-r32-ep2_20260928-ck1212-f16.gguf,zeng-v6_master-pe_dflash-b16_run1-Q6_K.gguf,zimage,3.12,0.10,5.44,0.43,9.40,15.17,3.48,16.7,12.3,4da633776,ed98de9,bench_out/20260928-120855_q4km-lora-dflashq6_ctx4k_ub512_zimage
2026-09-28,master-v1,q4km-lora-dflashq6_ctx4k_ub512_sim12g,"NVIDIA GeForce RTX 5060 Ti, 16311 MiB (12 GB sim: 3.74 GB held by a blocker, subtracted)",zimage_engineer_v6_dhq_q4_k_m.gguf,zeng-v6_master-pe_lora_v4.1-r32-ep2_20260928-ck1212-f16.gguf,zeng-v6_master-pe_dflash-b16_run1-Q6_K.gguf,zimage,3.12,0.10,5.46,0.43,9.42,14.79,3.48,16.7,11.4,4da633776,ed98de9,bench_out/20260928-121024_q4km-lora-dflashq6_ctx4k_ub512_sim12g_zimage
2026-09-28,master-v1,q4km-lora-dflashq6_ctx4k_ub512_sim11.2g,"NVIDIA GeForce RTX 5060 Ti, 16311 MiB (11.2 GB sim: 4.14 GB held by a blocker, subtracted)",zimage_engineer_v6_dhq_q4_k_m.gguf,zeng-v6_master-pe_lora_v4.1-r32-ep2_20260928-ck1212-f16.gguf,zeng-v6_master-pe_dflash-b16_run1-Q6_K.gguf,zimage,3.11,0.09,5.45,0.43,9.41,14.76,3.48,16.7,11.0,4da633776,b1f8891,bench_out/20260928-121252_q4km-lora-dflashq6_ctx4k_ub512_sim11.2g_zimage
2026-09-28,master-v1,q4km-lora-dflashq6_ctx4k_ub512_sim10.8g,"NVIDIA GeForce RTX 5060 Ti, 16311 MiB (10.8 GB sim: 4.54 GB held by a blocker, subtracted)",zimage_engineer_v6_dhq_q4_k_m.gguf,zeng-v6_master-pe_lora_v4.1-r32-ep2_20260928-ck1212-f16.gguf,zeng-v6_master-pe_dflash-b16_run1-Q6_K.gguf,zimage,3.12,0.10,5.51,0.44,9.48,14.77,3.48,16.7,10.7,4da633776,b1f8891,bench_out/20260928-121424_q4km-lora-dflashq6_ctx4k_ub512_sim10.8g_zimage
2026-09-28,master-v1,q4km-lora-dflashq6_ctx4k_ub512_sim10.4g,"NVIDIA GeForce RTX 5060 Ti, 16311 MiB (10.4 GB sim: 4.94 GB held by a blocker, subtracted)",zimage_engineer_v6_dhq_q4_k_m.gguf,zeng-v6_master-pe_lora_v4.1-r32-ep2_20260928-ck1212-f16.gguf,zeng-v6_master-pe_dflash-b16_run1-Q6_K.gguf,zimage,3.13,0.09,5.70,0.43,9.72,14.83,3.48,16.7,10.3,4da633776,b1f8891,bench_out/20260928-121607_q4km-lora-dflashq6_ctx4k_ub512_sim10.4g_zimage
2026-09-28,master-v1,q4km-lora-dflashq6_ctx4k_ub512_sim10.0g,"NVIDIA GeForce RTX 5060 Ti, 16311 MiB (10.0 GB sim: 5.34 GB held by a blocker, subtracted)",zimage_engineer_v6_dhq_q4_k_m.gguf,zeng-v6_master-pe_lora_v4.1-r32-ep2_20260928-ck1212-f16.gguf,zeng-v6_master-pe_dflash-b16_run1-Q6_K.gguf,zimage,3.15,0.10,6.04,0.43,10.06,15.16,3.48,16.7,10.2,4da633776,b1f8891,bench_out/20260928-121741_q4km-lora-dflashq6_ctx4k_ub512_sim10.0g_zimage
2026-09-28,master-v1,q4km-lora-dflashq6_ctx4k_ub512_resident_sim7.6g,"NVIDIA GeForce RTX 5060 Ti, 16311 MiB (7.6 GB sim: 7.74 GB held by a blocker, subtracted)",zimage_engineer_v6_dhq_q4_k_m.gguf,zeng-v6_master-pe_lora_v4.1-r32-ep2_20260928-ck1212-f16.gguf,zeng-v6_master-pe_dflash-b16_run1-Q6_K.gguf,zimage,3.20,0.10,7.60,0.44,11.71,16.25,3.48,16.7,7.8,4da633776,9cbe491,bench_out/20260928-123213_q4km-lora-dflashq6_ctx4k_ub512_resident_sim7.6g_zimage
2026-09-28,master-v1,dbg_release,"NVIDIA GeForce RTX 5060 Ti, 16311 MiB",zimage_engineer_v6_dhq_q4_k_m.gguf,zeng-v6_master-pe_lora_v4.1-r32-ep2_20260928-ck1212-f16.gguf,zeng-v6_master-pe_dflash-b16_run1-Q6_K.gguf,zimage,7.04,3.95,6.16,0.44,17.96,19.14,3.48,16.7,15.4,4da633776,03dab8d,../../../../tmp/bench_dbg/20260928-125156_dbg_release_zimage
2026-09-28,master-v1,q4km-lora-dflashq6_ctx4k_ub512_managed_sim5.6g,"NVIDIA GeForce RTX 5060 Ti, 16311 MiB (5.6 GB sim: 9.74 GB blocker subtracted)",zimage_engineer_v6_dhq_q4_k_m.gguf,zeng-v6_master-pe_lora_v4.1-r32-ep2_20260928-ck1212-f16.gguf,zeng-v6_master-pe_dflash-b16_run1-Q6_K.gguf,zimage,3.82,0.09,6.03,0.43,10.82,15.27,3.48,16.7,5.7,4da633776,03dab8d,bench_out/20260928-125824_q4km-lora-dflashq6_ctx4k_ub512_managed_sim5.6g_zimage
2026-09-28,master-v1,q4km-lora-dflashq6_ctx4k_ub512_managed_sim7.6g,"NVIDIA GeForce RTX 5060 Ti, 16311 MiB (7.6 GB sim: 7.74 GB blocker subtracted)",zimage_engineer_v6_dhq_q4_k_m.gguf,zeng-v6_master-pe_lora_v4.1-r32-ep2_20260928-ck1212-f16.gguf,zeng-v6_master-pe_dflash-b16_run1-Q6_K.gguf,zimage,3.81,0.09,5.50,0.43,10.25,15.24,3.48,16.7,7.4,4da633776,03dab8d,bench_out/20260928-130004_q4km-lora-dflashq6_ctx4k_ub512_managed_sim7.6g_zimage
2026-09-28,master-v1,q4km-lora-dflashq6_ctx4k_ub512_managed_sim10.0g,"NVIDIA GeForce RTX 5060 Ti, 16311 MiB (10.0 GB sim: 5.34 GB blocker subtracted)",zimage_engineer_v6_dhq_q4_k_m.gguf,zeng-v6_master-pe_lora_v4.1-r32-ep2_20260928-ck1212-f16.gguf,zeng-v6_master-pe_dflash-b16_run1-Q6_K.gguf,zimage,3.80,0.10,5.51,0.43,10.17,14.86,3.48,16.7,9.8,4da633776,03dab8d,bench_out/20260928-130140_q4km-lora-dflashq6_ctx4k_ub512_managed_sim10.0g_zimage
2026-09-28,master-v1,q4km-lora-dflashq6_ctx4k_ub512_auto16g,"NVIDIA GeForce RTX 5060 Ti, 16311 MiB",zimage_engineer_v6_dhq_q4_k_m.gguf,zeng-v6_master-pe_lora_v4.1-r32-ep2_20260928-ck1212-f16.gguf,zeng-v6_master-pe_dflash-b16_run1-Q6_K.gguf,zimage,3.13,0.09,5.47,0.43,9.47,14.82,3.48,16.7,12.0,4da633776,03dab8d,bench_out/20260928-130304_q4km-lora-dflashq6_ctx4k_ub512_auto16g_zimage
2026-09-28,master-v1,q4km-lora-dflashq6_ctx4k_ub1024_managed_sim5.6g,"NVIDIA GeForce RTX 5060 Ti, 16311 MiB (5.6 GB sim: 9.74 GB blocker subtracted)",zimage_engineer_v6_dhq_q4_k_m.gguf,zeng-v6_master-pe_lora_v4.1-r32-ep2_20260928-ck1212-f16.gguf,zeng-v6_master-pe_dflash-b16_run1-Q6_K.gguf,zimage,3.80,0.10,6.01,0.43,10.66,14.89,3.43,16.3,5.7,4da633776,6e766d7,bench_out/20260928-131941_q4km-lora-dflashq6_ctx4k_ub1024_managed_sim5.6g_zimage
